{
  "train_loss": [
    0.023142152871670468,
    0.006004345427832699,
    0.005144205232915868,
    0.004773454405117913,
    0.004529268867086753,
    0.004219790133564467,
    0.003995183698134497,
    0.0038111214812878253,
    0.003794538296226944,
    0.0034149292888676947,
    0.0032955026935919053,
    0.0031862869264192083,
    0.0029999656093423256,
    0.0029825246318588533,
    0.0028097451294472973,
    0.002728205145831453,
    0.0029310839764158506,
    0.0028745541017867384,
    0.002718207121402624,
    0.0025707379553101158,
    0.002466599504259648,
    0.0023795679307243387,
    0.0023818808445087466,
    0.002420963694593021,
    0.0023294773129496856,
    0.002410774711773099,
    0.002361148878117092,
    0.002409406585710323,
    0.0023318879572148685,
    0.0023730511164883083,
    0.0024295108615790795,
    0.0022797668539819176,
    0.002285309879802558,
    0.0023128397280483375,
    0.0023370569117625046,
    0.0023780980132349734,
    0.002275214127605198,
    0.00216041919363436,
    0.002213282990253772,
    0.002206328898578899,
    0.002180671500484875,
    0.002200429749895453,
    0.0021921574966524662,
    0.0022196431335552397,
    0.002148053050664852,
    0.0022293033707163497,
    0.0022460610496636947,
    0.0022609287853161473,
    0.002176544245724342,
    0.0021683416650505804,
    0.002210382474783858,
    0.0021095569208617756,
    0.002091694006906307,
    0.002095526858413775,
    0.002108749481288084,
    0.0020982171720658827,
    0.0020957614131475568,
    0.0021533802851211345,
    0.0021091373093700635,
    0.0021285520177895833,
    0.002105133082451565,
    0.0021027418443346894,
    0.002093925272960665,
    0.0020783424401348122,
    0.002121248842325128,
    0.002079376405267145,
    0.002102143162742972,
    0.002057189287786189,
    0.0020611036805868416,
    0.002067138582736204,
    0.002096263934903878,
    0.0020729517622385175,
    0.0020809792427046755,
    0.0020718742351943675,
    0.0020818170400421616,
    0.002114195130863144,
    0.002052649400346646,
    0.0020786685807641855,
    0.0020230545216431244,
    0.002056091263797758,
    0.0020355133732924253,
    0.0020625458505362207,
    0.002091139157710131,
    0.0020194606512502233
  ],
  "val_loss": [
    0.0045147887148777955,
    0.0038380504108499734,
    0.0045935871195979415,
    0.004585848209972028,
    0.003868752056732774,
    0.003556890333711635,
    0.003985018980456516,
    0.0036780359700787813,
    0.003842448348295875,
    0.0033553229790413753,
    0.0035788613736076513,
    0.00366283240087796,
    0.003410455331977573,
    0.003244268506387016,
    0.003386908450338524,
    0.0036706979098380544,
    0.004542862016241997,
    0.0032669577081833267,
    0.0033475109779101332,
    0.0033820885232125875,
    0.0032061666545632763,
    0.0032409580449893837,
    0.0034286624886954086,
    0.003449921855208231,
    0.003203944120032247,
    0.00323162619906725,
    0.003157434691893286,
    0.0032031107072543817,
    0.0031271865244525544,
    0.0031493333272374,
    0.0031141721519452404,
    0.003313140433674562,
    0.0031618038757005706,
    0.003207261090283282,
    0.0032346950779901817,
    0.003176686752558453,
    0.0031470203153730835,
    0.0031056112198348273,
    0.0031010904055347056,
    0.0031454122457944323,
    0.0030455123634601476,
    0.003225591322825494,
    0.0031697147781233072,
    0.0030480325499229366,
    0.0030360564379952847,
    0.0030504579522676067,
    0.0031793308401574906,
    0.0031138349498723984,
    0.003134626650826249,
    0.0031515531222248683,
    0.0030542600174157998,
    0.0030286971601162804,
    0.003045787007013132,
    0.0030599957138838364,
    0.0030771718492542278,
    0.003014806631981628,
    0.0030477323251579948,
    0.003064389063492854,
    0.003072718485036603,
    0.0030731382832163943,
    0.00302512650450808,
    0.0030433481994623433,
    0.003005777778416814,
    0.003008364055203856,
    0.0029927015822158866,
    0.0030143328611302424,
    0.003020367898934637,
    0.0030351325254378025,
    0.0029921026945885386,
    0.0029980958076339446,
    0.003052599607144657,
    0.0030057323029541293,
    0.0030127547436313764,
    0.003006860002351459,
    0.0030093974899864408,
    0.0030051063804421574,
    0.0030127128966159944,
    0.0030044008539152857,
    0.003012593051753356,
    0.0030014021219176355,
    0.003025309534750704,
    0.0030037167823320486,
    0.0030118003222924018,
    0.003011609922050411
  ]
}