{
  "train_loss": [
    0.023994981946556696,
    0.0076891517832076975,
    0.006125741233284186,
    0.005349119719383972,
    0.0047423613665159795,
    0.004130495955385933,
    0.0038615550582887536,
    0.0036833388352533803,
    0.0035139546760806946,
    0.003333656657715827,
    0.003089000611258338,
    0.003100312091035968,
    0.0030068065137519237,
    0.0029525336258562416,
    0.0027463167781076794,
    0.0027345004119394747,
    0.002699739881271463,
    0.0025745188646916564,
    0.0026236090483767577,
    0.0025989958702536697,
    0.0026703149408734005,
    0.002572656755780502,
    0.002586253592536585,
    0.002470775789619698,
    0.002462447470315965,
    0.0025044411750319083,
    0.002499761270779085,
    0.002454988773180438,
    0.0023927454618387855,
    0.0024143361740113635,
    0.002470390595616274,
    0.0024539330085514978,
    0.0023435273859442013,
    0.0024841084846619716,
    0.002425210310164922,
    0.002468424298162323,
    0.0024268081904405595,
    0.002462790371360565,
    0.002412266559518425,
    0.0024131968909517,
    0.0023331826074614323,
    0.0023740334436297417,
    0.002408996365868786,
    0.002383738435414021,
    0.0023728012679709665,
    0.0023582994138061104,
    0.0023545340365672017,
    0.002294999518406777,
    0.002348626851692513,
    0.00238058667099332,
    0.0023472009731839143,
    0.0023657801027314107,
    0.0022861009962590675,
    0.002301960266673372,
    0.0023545644919587567,
    0.0024416909369132816,
    0.002322118972265993,
    0.0023016909857168297,
    0.0023638945199698875,
    0.00231615680511043,
    0.002327362548021483,
    0.002285908464903384,
    0.0023224432486001335,
    0.002368400203704368,
    0.002354420141117381,
    0.0022968651862356635,
    0.0023392186549504655,
    0.002305982830512221,
    0.0023779493513367404,
    0.002311625136124868,
    0.0021945684491324106,
    0.002295036828841798,
    0.0023407051733686656,
    0.0022805425808266073,
    0.0022861845548115007,
    0.0023116239016027457,
    0.002321766404566006,
    0.0023469812443051652
  ],
  "val_loss": [
    0.006067027662647888,
    0.004552300029317848,
    0.004250253373757004,
    0.0038614431511086876,
    0.003398955668999406,
    0.003436041766544804,
    0.0034361185274610763,
    0.003142859423387563,
    0.0033285294839879498,
    0.003377371427268372,
    0.0031894693136564458,
    0.0031869925429055,
    0.0032137868503923526,
    0.00313559902497218,
    0.0031188456503878116,
    0.0032211198112054263,
    0.0030925254560497705,
    0.0031853647604293657,
    0.003061860565940151,
    0.003164005001690384,
    0.0031506671247188934,
    0.0030838433819917552,
    0.003098739715060219,
    0.0032390323410800195,
    0.003206298511431669,
    0.0031320380528995885,
    0.0030773812965344404,
    0.0030650948171751223,
    0.003107392478377733,
    0.0030361629847902804,
    0.003080465915882087,
    0.003022322856731989,
    0.003080051027427544,
    0.00321501623657241,
    0.0030417143157319515,
    0.003146573407884716,
    0.003152472944348119,
    0.0030633757225041335,
    0.0030756727513107764,
    0.003082424941676436,
    0.0030861457041100947,
    0.003030431262741331,
    0.003023699320256128,
    0.0031019631340313937,
    0.0030045424714990076,
    0.003034147048383602,
    0.0030201320645937813,
    0.0030017342241626466,
    0.0030498581313804607,
    0.00299209512071684,
    0.0030626363790179313,
    0.00303955492685418,
    0.003010895638872171,
    0.0029998957819771022,
    0.003008118629059027,
    0.0030046210603541113,
    0.003005552324320888,
    0.0030068061310521443,
    0.002993590472615324,
    0.0029958292318951864,
    0.0029998423176220966,
    0.0029962118516050395,
    0.0029901197575964034,
    0.0030015227405237963,
    0.0029998105927916186,
    0.0030017292312368225,
    0.0029975136332723194,
    0.003003808018111158,
    0.0029997218121752666,
    0.0030059020475164287,
    0.002997127612543409,
    0.0029944418990089615,
    0.002998179929854814,
    0.003002475758894434,
    0.0029969532921859353,
    0.0029968248884688366,
    0.002995319686306175,
    0.0029935618780655205
  ]
}