{
  "train_loss": [
    0.03687373339281982,
    0.009239121971111144,
    0.007979978637028765,
    0.007428025065730977,
    0.006773645513086817,
    0.0061168798394033875,
    0.005813877779646613,
    0.005675458160686343,
    0.005218383608683009,
    0.004941551870579654,
    0.004752334354171616,
    0.004583559988740845,
    0.004248061324603268,
    0.0042570286510115,
    0.004088318797193909,
    0.003985076410425527,
    0.003941855292790653,
    0.00384131582569845,
    0.0038000240322789945,
    0.003611140320324556,
    0.0037299084026903902,
    0.003556174289111355,
    0.0036672436386867555,
    0.003632394539769806,
    0.0035823473907543152,
    0.0035281782103185025,
    0.003506689289447895,
    0.003545746059318851,
    0.003609591808986239,
    0.0034514133345692898,
    0.0034577221629263225,
    0.0035306493190282416,
    0.003383813317202526,
    0.003343214395440995,
    0.0033808723567754673,
    0.003372943580215697,
    0.003353906318246584,
    0.003279872365482819,
    0.0033513961120351723,
    0.003376339250961886,
    0.003336734790813952,
    0.0033305506516117804,
    0.003288582396296297,
    0.0033283371233805265,
    0.0032374900870031833,
    0.0032408842228613395,
    0.0032237152712741753,
    0.0032749761823951985,
    0.003285038207347194,
    0.003220802877769275,
    0.003212262081452996,
    0.003269927574515236,
    0.0031986047338951364,
    0.003167652751266536,
    0.0032757573636285424,
    0.003178046346040389,
    0.0031980000892996214,
    0.0031861197053184433,
    0.00318689862292053,
    0.003201012443091827,
    0.0031400781792862253,
    0.0032112101622019298,
    0.003199542326728336,
    0.003191159390840232,
    0.003190292147180987,
    0.003261312856555893,
    0.0031900754906520863,
    0.0032197265745153966,
    0.003264297376967646,
    0.003139812338222686,
    0.003268519557902329,
    0.0031859608333496088,
    0.003187056299754649,
    0.003180349866549174,
    0.0031257678908387728,
    0.0031398786559423907,
    0.0031689169777450437,
    0.003179501275002863,
    0.0031746299434570083,
    0.0032430778160118783,
    0.0032296431381055105,
    0.0031687746074394486,
    0.003112654515048055,
    0.0031749205657541353,
    0.003137734404007327,
    0.003197304997196768,
    0.003152428535572637
  ],
  "val_loss": [
    0.006492749559984076,
    0.006013804394169711,
    0.005791573556125513,
    0.005664272294379771,
    0.0052935136202722785,
    0.004980540783290053,
    0.005066758966713678,
    0.005038682206941303,
    0.0050696855667047205,
    0.0049335061233432495,
    0.004799447675759438,
    0.004838834019028582,
    0.005209158480574842,
    0.004920642245997442,
    0.004723101883428171,
    0.004825232801231323,
    0.00475039929333434,
    0.004744611811183859,
    0.004718204129021615,
    0.004813015891122632,
    0.0047760820417897774,
    0.004699633568161516,
    0.005165967315078888,
    0.0047578128396344255,
    0.004926127881990396,
    0.0046988081064773726,
    0.004849935105012264,
    0.004971619330463,
    0.005152657555299811,
    0.004906368303563795,
    0.0047180598267004825,
    0.0047794942955079025,
    0.004564533548909821,
    0.004627226389420685,
    0.0047316619810044355,
    0.00458524026642408,
    0.0045593934417593115,
    0.004636789608412073,
    0.00460144285694696,
    0.004581452833372168,
    0.004726699925959111,
    0.0046465014391651495,
    0.00461274891596986,
    0.0045972128987341425,
    0.004533654610131634,
    0.00458185510164185,
    0.004559357032339903,
    0.0045361126351053825,
    0.004544736105963239,
    0.004580730281631986,
    0.004793118613306433,
    0.004577756072831107,
    0.0046194633976119805,
    0.004542188368504867,
    0.004555325173314486,
    0.004532458214744111,
    0.004578314802547539,
    0.00455981950955902,
    0.004515193055049167,
    0.0045590808497581745,
    0.004522001893565175,
    0.0045313730941416,
    0.004541763433317101,
    0.004569771864698851,
    0.004604751284641679,
    0.004529135597185814,
    0.004537018353184976,
    0.00453276081407239,
    0.004549647238927718,
    0.00451883587787961,
    0.004536580751046131,
    0.004503968075423473,
    0.00450733633897471,
    0.0045611137361265715,
    0.004532106150327309,
    0.0045260509534273295,
    0.0045410270235879575,
    0.004513595419484773,
    0.004511615383307799,
    0.004514143171727483,
    0.004511767533695092,
    0.004531869692145847,
    0.004523424681210599,
    0.004513112595268467,
    0.004518059622059809,
    0.0045181974338629515,
    0.004523731550689263
  ]
}